ID,NOME,EMAIL
1,Fernanda Santos,fernanda.santos@yahoo.com
2,Larissa Rodrigues,larissa.rodrigues@uol.com.br
3,Carlos Barbosa,carlos.barbosa@gmail.com
4,Juliana Santos,juliana.santos@yahoo.com
5,Maria Costa,maria.costa@yahoo.com
6,Juliana Alves,juliana.alves@hotmail.com
7,Maria Pereira,maria.pereira@yahoo.com
8,Carolina Santos,carolina.santos@yahoo.com
9,Ana Souza,ana.souza@outlook.com
10,Lucas Barbosa,lucas.barbosa@yahoo.com
11,Maria Souza,maria.souza@yahoo.com
12,Lucas Ferreira,lucas.ferreira@yahoo.com
13,Roberto Oliveira,roberto.oliveira@outlook.com
14,Paulo Souza,paulo.souza@uol.com.br
15,Carolina Santos,carolina.santos@yahoo.com
16,Roberto Barbosa,roberto.barbosa@gmail.com
17,Juliana Oliveira,juliana.oliveira@gmail.com
18,Juliana Souza,juliana.souza@yahoo.com
19,Pedro Costa,pedro.costa@uol.com.br
20,João Rodrigues,joão.rodrigues@uol.com.br
21,Fernanda Ferreira,fernanda.ferreira@gmail.com
22,Ana Alves,ana.alves@uol.com.br
23,Roberto Rodrigues,roberto.rodrigues@gmail.com
24,Larissa Alves,larissa.alves@uol.com.br
25,Pedro Pereira,pedro.pereira@gmail.com
26,Carlos Barbosa,carlos.barbosa@hotmail.com
27,Carlos Barbosa,carlos.barbosa@hotmail.com
28,Roberto Souza,roberto.souza@uol.com.br
29,João Pereira,joão.pereira@outlook.com
30,Carlos Alves,carlos.alves@uol.com.br
31,Juliana Rodrigues,juliana.rodrigues@hotmail.com
32,Paulo Barbosa,paulo.barbosa@outlook.com
33,Carolina Souza,carolina.souza@uol.com.br
34,Paulo Santos,paulo.santos@hotmail.com
35,Ana Pereira,ana.pereira@hotmail.com
36,Carlos Silva,carlos.silva@uol.com.br
37,Carlos Silva,carlos.silva@hotmail.com
38,Paulo Barbosa,paulo.barbosa@gmail.com
39,Carlos Rodrigues,carlos.rodrigues@hotmail.com
40,Larissa Silva,larissa.silva@gmail.com
41,Lucas Oliveira,lucas.oliveira@outlook.com
42,João Souza,joão.souza@outlook.com
43,Juliana Silva,juliana.silva@outlook.com
44,Paulo Barbosa,paulo.barbosa@uol.com.br
45,Pedro Pereira,pedro.pereira@uol.com.br
46,Carolina Rodrigues,carolina.rodrigues@uol.com.br
47,Carlos Oliveira,carlos.oliveira@gmail.com
48,Carlos Silva,carlos.silva@gmail.com
49,Pedro Silva,pedro.silva@yahoo.com
50,Pedro Silva,pedro.silva@gmail.com
